{
  "__version__": "1.0.3",
  "builder": {},
  "gizmos-infos": {
    "is2D": true,
    "is3DIcon": false,
    "iconSize": 2,
    "gridVisible": true,
    "originAxis2D": {
      "x_visible": true,
      "y_visible": true,
      "z_visible": false
    },
    "originAxis3D": {
      "x_visible": true,
      "y_visible": false,
      "z_visible": true
    },
    "gridColor": [
      166,
      166,
      166,
      255
    ],
    "transformToolName": "position",
    "pivot": "pivot",
    "coordinate": "local",
    "toolsVisibility3d": true
  },
  "snap-configs": {
    "position": {
      "x": 1,
      "y": 1,
      "z": 1
    },
    "rotation": 1,
    "scale": 1,
    "isPositionSnapEnabled": false,
    "isRotationSnapEnabled": false,
    "isScaleSnapEnabled": false
  },
  "rect-snap-configs": {
    "enableSnapping": true,
    "snapThreshold": 4
  },
  "": {
    "sculpt_brush_rotate": 0
  },
  "camera-infos": {
    "f46876e4-e81b-4931-b493-6d367be385e7": {
      "position": {
        "x": 3.7777777777777777,
        "y": 3.7777777777777777,
        "z": 3.7777777777777777
      },
      "rotation": {
        "x": -0.022023829593667596,
        "y": 0.028702013533598636,
        "z": 0.009122568913091048,
        "w": 0.999303719639616
      },
      "viewCenter": {
        "x": 0,
        "y": 0,
        "z": 0
      }
    },
    "c3eb7da0-4dff-4eb6-95b4-08bb5880fdbb": {
      "position": {
        "x": 26.18390274602807,
        "y": 26.183902746028068,
        "z": 26.183902746028064
      },
      "rotation": {
        "x": -0.27984814233312133,
        "y": 0.3647051996310009,
        "z": 0.11591689595929512,
        "w": 0.8804762392171493
      },
      "viewCenter": {
        "x": 0,
        "y": 0,
        "z": 0
      },
      "contentRect": {
        "x": 0,
        "y": 0,
        "width": 1780,
        "height": 548
      },
      "scale": 1
    },
    "58f4a2bf-5ddd-423a-afee-a91dd513f2c3": {
      "position": {
        "x": 26.18390274602807,
        "y": 26.183902746028068,
        "z": 26.183902746028064
      },
      "rotation": {
        "x": -0.27984814233312133,
        "y": 0.3647051996310009,
        "z": 0.11591689595929512,
        "w": 0.8804762392171493
      },
      "viewCenter": {
        "x": 0,
        "y": 0,
        "z": 0
      },
      "contentRect": {
        "x": 0,
        "y": 0,
        "width": 1780,
        "height": 548
      },
      "scale": 1
    },
    "b7cefe27-8af3-4ef8-a0f0-6de325c4d998": {
      "position": {
        "x": 17.16361089096371,
        "y": 17.16361089096371,
        "z": 17.163610890963703
      },
      "rotation": {
        "x": -0.27984814233312133,
        "y": 0.3647051996310009,
        "z": 0.11591689595929512,
        "w": 0.8804762392171493
      },
      "viewCenter": {
        "x": 0,
        "y": 0,
        "z": 0
      },
      "contentRect": {
        "x": 0,
        "y": 0,
        "width": 1780,
        "height": 836
      },
      "scale": 1
    },
    "ac0531cf-573d-4096-9ab0-4e594a40dee6": {
      "position": {
        "x": 17.16361089096371,
        "y": 17.16361089096371,
        "z": 17.163610890963703
      },
      "rotation": {
        "x": -0.27984814233312133,
        "y": 0.3647051996310009,
        "z": 0.11591689595929512,
        "w": 0.8804762392171493
      },
      "viewCenter": {
        "x": 0,
        "y": 0,
        "z": 0
      },
      "contentRect": {
        "x": 0,
        "y": 0,
        "width": 1780,
        "height": 836
      },
      "scale": 1
    },
    "614aed3c-ca39-4e43-b075-fd1bd6205e21": {
      "position": {
        "x": 17.16361089096371,
        "y": 17.16361089096371,
        "z": 17.163610890963703
      },
      "rotation": {
        "x": -0.27984814233312133,
        "y": 0.3647051996310009,
        "z": 0.11591689595929512,
        "w": 0.8804762392171493
      },
      "viewCenter": {
        "x": 0,
        "y": 0,
        "z": 0
      },
      "contentRect": {
        "x": 0,
        "y": 0,
        "width": 1780,
        "height": 836
      },
      "scale": 1
    },
    "d5de42fd-9cd1-4e83-b9dd-ed554e14f10c": {
      "position": {
        "x": 17.16361089096371,
        "y": 17.16361089096371,
        "z": 17.163610890963703
      },
      "rotation": {
        "x": -0.27984814233312133,
        "y": 0.3647051996310009,
        "z": 0.11591689595929512,
        "w": 0.8804762392171493
      },
      "viewCenter": {
        "x": 0,
        "y": 0,
        "z": 0
      },
      "contentRect": {
        "x": 0,
        "y": 0,
        "width": 1780,
        "height": 836
      },
      "scale": 1
    },
    "09fbabd6-b0a4-45c5-964c-0236d1e4a398": {
      "position": {
        "x": 17.16361089096371,
        "y": 17.16361089096371,
        "z": 17.163610890963703
      },
      "rotation": {
        "x": -0.27984814233312133,
        "y": 0.3647051996310009,
        "z": 0.11591689595929512,
        "w": 0.8804762392171493
      },
      "viewCenter": {
        "x": 0,
        "y": 0,
        "z": 0
      },
      "contentRect": {
        "x": 0,
        "y": 0,
        "width": 1780,
        "height": 836
      },
      "scale": 1
    },
    "d1894926-e959-4f38-bc7f-d5e99594de8e": {
      "position": {
        "x": 46.621535160024024,
        "y": 46.621535160024024,
        "z": 46.621535160024024
      },
      "rotation": {
        "x": -0.27984814233312133,
        "y": 0.3647051996310009,
        "z": 0.11591689595929512,
        "w": 0.8804762392171493
      },
      "viewCenter": {
        "x": 0,
        "y": 0,
        "z": 0
      },
      "contentRect": {
        "x": 0,
        "y": 0,
        "width": 3000,
        "height": 2000
      },
      "scale": 1
    },
    "a3b4c5d6-e7f8-9012-cdef-34567890def0": {
      "position": {
        "x": 3188.6174901279073,
        "y": 3188.617490127907,
        "z": 3188.6174901279064
      },
      "rotation": {
        "x": -0.27984814233312133,
        "y": 0.3647051996310009,
        "z": 0.11591689595929512,
        "w": 0.8804762392171493
      },
      "viewCenter": {
        "x": 0,
        "y": 0,
        "z": 0
      },
      "contentRect": {
        "x": 0,
        "y": 0,
        "width": 3000,
        "height": 2000
      },
      "scale": 1
    },
    "49a6e54d-fa03-4e23-827e-541eaf3a60aa": {
      "position": {
        "x": 3188.6174901873155,
        "y": 3188.6174901873146,
        "z": 3188.617490187314
      },
      "rotation": {
        "x": -0.27984814233312133,
        "y": 0.3647051996310009,
        "z": 0.11591689595929512,
        "w": 0.8804762392171493
      },
      "viewCenter": {
        "x": 0,
        "y": 0,
        "z": 0
      },
      "contentRect": {
        "x": 0,
        "y": 0,
        "width": 1280,
        "height": 720
      },
      "scale": 1
    },
    "f0dfcfe0-1a6d-469c-8b8d-78c301b632d6": {
      "position": {
        "x": 2315.5489258162543,
        "y": 241.20994157372343,
        "z": 5000
      },
      "rotation": {
        "x": 0,
        "y": 0,
        "z": 0,
        "w": 1
      },
      "viewCenter": {
        "x": 0,
        "y": 0,
        "z": 0
      },
      "contentRect": {
        "x": -1538.4476583958588,
        "y": -1598.0240718819582,
        "width": 2020,
        "height": 964
      },
      "scale": 0.2620656188792337
    },
    "719e38d5-0a05-4143-841e-d20b56fa7d9c": {
      "position": {
        "x": 0,
        "y": 0,
        "z": 5000
      },
      "rotation": {
        "x": 0,
        "y": 0,
        "z": 0,
        "w": 1
      },
      "viewCenter": {
        "x": 0,
        "y": 0,
        "z": 0
      },
      "contentRect": {
        "x": 0,
        "y": 0,
        "width": 0,
        "height": 0
      },
      "scale": 1
    }
  },